{
  "job_id": "d9989u8tcv6s73dmvn40",
  "backend": "ibm_kingston",
  "shots": 5000,
  "observables": [
    "IZ",
    "IX",
    "ZI",
    "XI",
    "ZZ",
    "XX"
  ],
  "values": [
    0.012698991990936378,
    -0.00045353542824772767,
    0.008967031987243636,
    -0.004891108356678343,
    1.0902216807179175,
    1.0006080587508994
  ],
  "stds": [
    0.01840877413461602,
    0.01668843224428135,
    0.016185449697077827,
    0.01600286835489389,
    0.007488928549652736,
    0.009208271211138914
  ],
  "qpu_seconds": 14
}